brand,model,trim,year,body_type,fuel_type,transmission,engine_size,seat_count,drivetrain,price,mileage,origin,color,city,posted_date,source,url
TOYOTA,VIOS,,2021,Sedan,Xăng,Tự động,,5,,365000000,79997,,,Tp Hồ Chí Minh,12-06-2026,xe.chotot.com,https://xe.chotot.com/mua-ban-oto-thanh-pho-thu-duc-tp-ho-chi-minh/132940275.htm
VINFAST,LIMO GREEN,,2026,MPV,Điện,Tự động,,7,,100000000,,Trong nước,,Tp Hồ Chí Minh,12-06-2026,xe.chotot.com,https://xe.chotot.com/mua-ban-oto-quan-tan-phu-tp-ho-chi-minh/132934275.htm
KIA,MORNING,,2009,,Xăng,Tự động,,,,135000000,134000,Nhập khẩu,,Bạc Liêu,15-06-2026,xe.chotot.com,https://xe.chotot.com/mua-ban-oto-huyen-vinh-loi-bac-lieu/132993715.htm
TOYOTA,CAMRY,2.0E,2018,Sedan,Xăng,Tự động,2,5,FWD,610000000,87000,Trong nước,,Đà Nẵng,15-06-2026,xe.chotot.com,https://xe.chotot.com/mua-ban-oto-quan-ngu-hanh-son-da-nang/132994846.htm
CHEVROLET,ORLANDO,,2017,,Xăng,Số sàn,,,,195000000,280000,,,Đồng Nai,16-04-2026,xe.chotot.com,https://xe.chotot.com/mua-ban-oto-thanh-pho-bien-hoa-dong-nai/132011000.htm
KIA,MORNING,S MT,2014,Hatchback,Xăng,Số sàn,,,,135000000,100000,Ấn Độ,,Đồng Nai,15-06-2026,xe.chotot.com,https://xe.chotot.com/mua-ban-oto-huyen-nhon-trach-dong-nai/132997936.htm
VINFAST,LIMO GREEN,,2026,MPV,Điện,Tự động,,7,,654590000,,Trong nước,,Tp Hồ Chí Minh,09-06-2026,xe.chotot.com,https://xe.chotot.com/mua-ban-oto-thanh-pho-thu-duc-tp-ho-chi-minh/130441612.htm?ad_delivery=true&event_source=ad_list
FORD,RANGER,XLS 2.0L 4x2 AT,2025,Bán tải,Dầu,Tự động,,5,,610000000,15500,Nhập khẩu,,Bình Dương,15-06-2026,xe.chotot.com,https://xe.chotot.com/mua-ban-oto-thanh-pho-thuan-an-binh-duong/132997905.htm
MITSUBISHI,XPANDER,AT,2020,MPV,Xăng,Tự động,,5,,429000000,24000,Nhập khẩu,,Cần Thơ,15-06-2026,xe.chotot.com,https://xe.chotot.com/mua-ban-oto-quan-ninh-kieu-can-tho/132997889.htm
MITSUBISHI,ATTRAGE,1.2 MT,2024,Sedan,Xăng,Số sàn,,5,,275000000,19782,,,Phú Yên,15-06-2026,xe.chotot.com,https://xe.chotot.com/mua-ban-oto-thanh-pho-tuy-hoa-phu-yen/132997888.htm
VINFAST,LIMO GREEN,,2026,SUV,Điện,Tự động,,7,,620000000,,Trong nước,,Hà Nội,16-05-2026,xe.chotot.com,https://xe.chotot.com/mua-ban-oto-quan-dong-da-ha-noi/125958745.htm?ad_delivery=true&event_source=ad_list
TOYOTA,COROLLA CROSS,1.8V,2021,SUV,Xăng,Tự động,,5,,669000000,65000,Nhập khẩu,,Bình Dương,04-06-2026,xe.chotot.com,https://xe.chotot.com/mua-ban-oto-thi-xa-ben-cat-binh-duong/132790646.htm
MERCEDES BENZ,GLC,200,2020,SUV,Xăng,Tự động,,5,,999000000,62000,Trong nước,,Tp Hồ Chí Minh,15-06-2026,xe.chotot.com,https://xe.chotot.com/mua-ban-oto-quan-7-tp-ho-chi-minh/132953801.htm
VINFAST,FADIL,,2019,,Xăng,Tự động,,5,,239000000,,Trong nước,,Tp Hồ Chí Minh,03-06-2026,xe.chotot.com,https://xe.chotot.com/mua-ban-oto-quan-binh-tan-tp-ho-chi-minh/132774974.htm
VINFAST,VF5 PLUS,,2026,SUV,Điện,Tự động,,5,,440000000,,Trong nước,,Hà Nội,16-05-2026,xe.chotot.com,https://xe.chotot.com/mua-ban-oto-quan-dong-da-ha-noi/124488962.htm?ad_delivery=true&event_source=ad_list
FORD,DÒNG KHÁC,,2022,,Dầu,Tự động,,,,865000000,45000,,,Tp Hồ Chí Minh,15-06-2026,xe.chotot.com,https://xe.chotot.com/mua-ban-oto-quan-tan-binh-tp-ho-chi-minh/132677504.htm
VINFAST,VF6,,2025,SUV,Điện,Tự động,,5,,582000000,,Trong nước,,Tp Hồ Chí Minh,17-03-2026,xe.chotot.com,https://xe.chotot.com/mua-ban-oto-quan-7-tp-ho-chi-minh/131173750.htm
MITSUBISHI,XPANDER,MT,2023,,Xăng,Số sàn,,7,FWD,379000000,76000,,,Hà Nội,15-06-2026,xe.chotot.com,https://xe.chotot.com/mua-ban-oto-quan-hoang-mai-ha-noi/132906389.htm
KIA,CARNIVAL,,2007,,Xăng,Số sàn,,7,,78000000,160,,,Tp Hồ Chí Minh,15-06-2026,xe.chotot.com,https://xe.chotot.com/mua-ban-oto-quan-tan-binh-tp-ho-chi-minh/132968944.htm
TOYOTA,COROLLA CROSS,1.8V,2022,SUV,Xăng,Tự động,,5,,650000000,78000,Nhập khẩu,,Hà Nội,15-06-2026,xe.chotot.com,https://xe.chotot.com/mua-ban-oto-quan-long-bien-ha-noi/132945781.htm
FORD,TERRITORY,Titanium X 1.5 AT,2024,SUV,Xăng,Tự động,,5,,765000000,24000,Trong nước,,Tp Hồ Chí Minh,15-06-2026,xe.chotot.com,https://xe.chotot.com/mua-ban-oto-quan-tan-binh-tp-ho-chi-minh/132765509.htm
TOYOTA,COROLLA CROSS,1.8V,2020,SUV,Xăng,Tự động,,5,,595000000,58000,Nhập khẩu,,Tp Hồ Chí Minh,15-06-2026,xe.chotot.com,https://xe.chotot.com/mua-ban-oto-quan-go-vap-tp-ho-chi-minh/132997791.htm
HÃNG KHÁC,DÒNG KHÁC,,2025,,Điện,Tự động,,,,195000000,2000,,,Hà Nội,15-06-2026,xe.chotot.com,https://xe.chotot.com/mua-ban-oto-quan-dong-da-ha-noi/132997778.htm
VINFAST,LUX A2.0,Premium 2.0 AT,2019,Sedan,Xăng,Tự động,,,,505000000,60000,Trong nước,,Hà Nội,16-05-2026,xe.chotot.com,https://xe.chotot.com/mua-ban-oto-quan-thanh-xuan-ha-noi/132257250.htm
HYUNDAI,CUSTIN,,2024,,Xăng,Tự động,,,,675000000,89000,,,An Giang,15-06-2026,xe.chotot.com,https://xe.chotot.com/mua-ban-oto-huyen-cho-moi-an-giang/132997759.htm
MG,MG5,,2024,,Xăng,Số sàn,,5,,265000000,17000,,,Gia Lai,15-06-2026,xe.chotot.com,https://xe.chotot.com/mua-ban-oto-huyen-chu-se-gia-lai/132997757.htm
MG,HS,Trophy 1.5 AT 2WD,2021,,Xăng,Tự động,,,,425000000,50000,,,Tp Hồ Chí Minh,22-05-2026,xe.chotot.com,https://xe.chotot.com/mua-ban-oto-thanh-pho-thu-duc-tp-ho-chi-minh/132543119.htm
TOYOTA,WIGO,,2026,Hatchback,Xăng,Tự động,,5,,387000000,,Nhập khẩu,,Tp Hồ Chí Minh,15-06-2026,xe.chotot.com,https://xe.chotot.com/mua-ban-oto-quan-12-tp-ho-chi-minh/132997686.htm
VINFAST,VF5,,2025,Hatchback,Điện,Tự động,,5,,450000000,,Trong nước,,Tp Hồ Chí Minh,03-06-2026,xe.chotot.com,https://xe.chotot.com/mua-ban-oto-quan-binh-tan-tp-ho-chi-minh/105819944.htm
CHEVROLET,ORLANDO,,2017,,Xăng,Số sàn,,,,195000000,280000,,,Đồng Nai,16-04-2026,xe.chotot.com,https://xe.chotot.com/mua-ban-oto-thanh-pho-bien-hoa-dong-nai/132011000.htm
TOYOTA,INNOVA,2.0E,2019,MPV,Xăng,Số sàn,2,8,RWD,392000000,76000,Trong nước,,Tp Hồ Chí Minh,02-06-2026,xe.chotot.com,https://xe.chotot.com/mua-ban-oto-quan-go-vap-tp-ho-chi-minh/132754225.htm
KIA,CERATO,,2018,Sedan,Xăng,Tự động,,5,,369000000,84000,,,Tp Hồ Chí Minh,16-05-2026,xe.chotot.com,https://xe.chotot.com/mua-ban-oto-quan-tan-phu-tp-ho-chi-minh/132498647.htm
VINFAST,VF5 PLUS,,2026,SUV,Điện,Tự động,,5,,430000000,,Trong nước,,Tp Hồ Chí Minh,11-06-2026,xe.chotot.com,https://xe.chotot.com/mua-ban-oto-thanh-pho-thu-duc-tp-ho-chi-minh/132919881.htm
TOYOTA,VIOS,1.5E,2018,Sedan,Xăng,Tự động,,,,325000000,80000,Trong nước,,Hà Nội,10-06-2026,xe.chotot.com,https://xe.chotot.com/mua-ban-oto-quan-long-bien-ha-noi/132893581.htm
VINFAST,VF5 PLUS,,2026,SUV,Điện,Tự động,,5,,440000000,,Trong nước,,Hà Nội,16-05-2026,xe.chotot.com,https://xe.chotot.com/mua-ban-oto-quan-dong-da-ha-noi/124488962.htm?ad_delivery=true&event_source=ad_list
VINFAST,FADIL,,2020,,Xăng,Tự động,,5,,285000000,60000,Trong nước,,Đà Nẵng,15-06-2026,xe.chotot.com,https://xe.chotot.com/mua-ban-oto-quan-hai-chau-da-nang/132997665.htm
MAZDA,3,,2020,,Xăng,Tự động,,5,,480000000,29269,Nhập khẩu,,Tp Hồ Chí Minh,29-05-2026,xe.chotot.com,https://xe.chotot.com/mua-ban-oto-thanh-pho-thu-duc-tp-ho-chi-minh/132674453.htm
HYUNDAI,KONA,2.0 AT ĐẶC BIỆT,2019,SUV,Xăng,Tự động,2,5,FWD,455000000,98698,Trong nước,,Phú Thọ,15-06-2026,xe.chotot.com,https://xe.chotot.com/mua-ban-oto-thanh-pho-viet-tri-phu-tho/131869620.htm
VINFAST,LIMO GREEN,,2026,SUV,Điện,Tự động,,7,,620000000,,Trong nước,,Hà Nội,16-05-2026,xe.chotot.com,https://xe.chotot.com/mua-ban-oto-quan-dong-da-ha-noi/125958745.htm?ad_delivery=true&event_source=ad_list
HYUNDAI,SOLATI,Hyundai Solati,2019,SUV,Dầu,Số sàn,2.5,10,RWD,785000000,134000,Trong nước,,Tp Hồ Chí Minh,15-06-2026,xe.chotot.com,https://xe.chotot.com/mua-ban-oto-quan-binh-tan-tp-ho-chi-minh/132997628.htm
AUDI,A4,,2014,Sedan,Xăng,Tự động,,5,,489000000,65000,Nhập khẩu,,Tp Hồ Chí Minh,16-04-2026,xe.chotot.com,https://xe.chotot.com/mua-ban-oto-quan-7-tp-ho-chi-minh/127926063.htm
KIA,MORNING,1.0 AT Sport,2012,Hatchback,Xăng,Tự động,,,,220000000,87612,Nhập khẩu,,Long An,16-05-2026,xe.chotot.com,https://xe.chotot.com/mua-ban-oto-huyen-duc-hoa-long-an/132206862.htm
VINFAST,LIMO GREEN,,2026,MPV,Điện,Tự động,,7,,654590000,,Trong nước,,Tp Hồ Chí Minh,09-06-2026,xe.chotot.com,https://xe.chotot.com/mua-ban-oto-thanh-pho-thu-duc-tp-ho-chi-minh/130441612.htm?ad_delivery=true&event_source=ad_list
MERCEDES BENZ,GLC,,2019,,Xăng,Tự động,,,,939000000,68000,,,Tp Hồ Chí Minh,15-06-2026,xe.chotot.com,https://xe.chotot.com/mua-ban-oto-quan-7-tp-ho-chi-minh/132674938.htm
CHEVROLET,SPARK,Van 1.0 AT,2014,Van/Minibus,Xăng,Số sàn,,2,,60000000,140000,,,Bà Rịa - Vũng Tàu,15-06-2026,xe.chotot.com,https://xe.chotot.com/mua-ban-oto-thi-xa-phu-my-ba-ria-vung-tau/132997604.htm
HYUNDAI,CUSTIN,,2025,MPV,Xăng,Tự động,,7,,879000000,6000,Trong nước,,Tp Hồ Chí Minh,16-05-2026,xe.chotot.com,https://xe.chotot.com/mua-ban-oto-thanh-pho-thu-duc-tp-ho-chi-minh/132434127.htm
TOYOTA,COROLLA CROSS,,2026,SUV,Xăng,Tự động,,5,,787000000,,Nhập khẩu,,Tp Hồ Chí Minh,10-06-2026,xe.chotot.com,https://xe.chotot.com/mua-ban-oto-quan-12-tp-ho-chi-minh/132905864.htm
MITSUBISHI,ATTRAGE,1.2L MT,2019,Sedan,Xăng,Số sàn,1.2,5,FWD,162000000,7760,,,Thừa Thiên Huế,15-06-2026,xe.chotot.com,https://xe.chotot.com/mua-ban-oto-huyen-phu-vang-thua-thien-hue/132997593.htm
MITSUBISHI,XPANDER,Premium 1.5 AT,2022,SUV,Xăng,Tự động,,7,,459000000,85089,,,Hà Nội,15-06-2026,xe.chotot.com,https://xe.chotot.com/mua-ban-oto-quan-hoang-mai-ha-noi/132790397.htm
TOYOTA,SIENNA,,2013,,Xăng,Tự động,,,,645000000,68000,Nhập khẩu,,Tp Hồ Chí Minh,16-04-2026,xe.chotot.com,https://xe.chotot.com/mua-ban-oto-thanh-pho-thu-duc-tp-ho-chi-minh/132020887.htm
FORD,RANGER,XLS 2.2L 4x2 AT,2021,Bán tải,Dầu,Tự động,,5,,485000000,98000,Trong nước,,Tp Hồ Chí Minh,15-06-2026,xe.chotot.com,https://xe.chotot.com/mua-ban-oto-quan-tan-binh-tp-ho-chi-minh/132778522.htm
TOYOTA,INNOVA,2.0E,2020,MPV,Xăng,Số sàn,,8,,420000000,108000,Trong nước,,Tp Hồ Chí Minh,16-04-2026,xe.chotot.com,https://xe.chotot.com/mua-ban-oto-thanh-pho-thu-duc-tp-ho-chi-minh/131841060.htm
VINFAST,LUX SA2.0,Premium 2.0 AT,2020,SUV,Xăng,Tự động,,7,,625000000,70000,Trong nước,,Hà Nội,12-06-2026,xe.chotot.com,https://xe.chotot.com/mua-ban-oto-quan-thanh-xuan-ha-noi/131744641.htm
TOYOTA,FORTUNER,,2026,SUV,Xăng,Tự động,,7,,1255000000,,Nhập khẩu,,Tp Hồ Chí Minh,15-06-2026,xe.chotot.com,https://xe.chotot.com/mua-ban-oto-quan-12-tp-ho-chi-minh/132997523.htm
TOYOTA,INNOVA,2.0E,2019,MPV,Xăng,Số sàn,2,7,RWD,397000000,78000,,,Tp Hồ Chí Minh,15-06-2026,xe.chotot.com,https://xe.chotot.com/mua-ban-oto-quan-tan-phu-tp-ho-chi-minh/132997464.htm
TOYOTA,INNOVA CROSS,,2026,MPV,Xăng,Tự động,,8,,710000000,,Nhập khẩu,,Tp Hồ Chí Minh,15-06-2026,xe.chotot.com,https://xe.chotot.com/mua-ban-oto-quan-12-tp-ho-chi-minh/132997447.htm
FORD,RANGER,XLS 2.0L 4x2 AT,2025,Bán tải,Dầu,Tự động,,5,,610000000,15500,Nhập khẩu,,Bình Dương,15-06-2026,xe.chotot.com,https://xe.chotot.com/mua-ban-oto-thanh-pho-thuan-an-binh-duong/132997905.htm
VINFAST,VF8,,2026,SUV,Điện,Tự động,,5,,999000000,,Trong nước,,Tp Hồ Chí Minh,16-06-2026,xe.chotot.com,https://xe.chotot.com/mua-ban-oto-quan-7-tp-ho-chi-minh/133009616.htm
FORD,FIESTA,,2016,,Xăng,Tự động,,,,265000000,80000,Trong nước,,Đà Nẵng,27-05-2026,xe.chotot.com,https://xe.chotot.com/mua-ban-oto-quan-thanh-khe-da-nang/132631374.htm
FORD,TRANSIT,,2019,Van/Minibus,Dầu,Số sàn,,,,415000000,110000,,,Tp Hồ Chí Minh,16-06-2026,xe.chotot.com,https://xe.chotot.com/mua-ban-oto-quan-12-tp-ho-chi-minh/133003288.htm
TOYOTA,FORTUNER,,2020,,Dầu,Tự động,,7,,700000000,150000,,,Tp Hồ Chí Minh,16-06-2026,xe.chotot.com,https://xe.chotot.com/mua-ban-oto-thanh-pho-thu-duc-tp-ho-chi-minh/133004811.htm
SUZUKI,SWIFT,,2022,Sedan,Xăng,Tự động,,5,,455000000,40000,Nhập khẩu,,Tp Hồ Chí Minh,17-05-2026,xe.chotot.com,https://xe.chotot.com/mua-ban-oto-thanh-pho-thu-duc-tp-ho-chi-minh/132454439.htm?ad_delivery=true&event_source=ad_list
MITSUBISHI,PAJERO SPORT,D 4x2 MT,2016,SUV,Dầu,Số sàn,2.5,7,2WD,355000000,120000,Trong nước,,Hà Nội,26-05-2026,xe.chotot.com,https://xe.chotot.com/mua-ban-oto-quan-long-bien-ha-noi/132614321.htm
KIA,CERATO,1.6 MT,2016,Sedan,Xăng,Số sàn,1.6,,FWD,255000000,123456,,,Đắk Lắk,16-06-2026,xe.chotot.com,https://xe.chotot.com/mua-ban-oto-thanh-pho-buon-ma-thuot-dak-lak/133018463.htm
TOYOTA,YARIS CROSS,,2023,SUV,Xăng,Tự động,,5,,590000000,17000,Nhập khẩu,,Tp Hồ Chí Minh,16-06-2026,xe.chotot.com,https://xe.chotot.com/mua-ban-oto-quan-tan-binh-tp-ho-chi-minh/133018456.htm
VINFAST,LIMO GREEN,,2026,MPV,Điện,Tự động,,7,,654590000,,Trong nước,,Tp Hồ Chí Minh,09-06-2026,xe.chotot.com,https://xe.chotot.com/mua-ban-oto-thanh-pho-thu-duc-tp-ho-chi-minh/130441612.htm?ad_delivery=true&event_source=ad_list
MERCEDES BENZ,C CLASS,C300 AMG,2019,Sedan,Xăng,Tự động,,5,,889000000,62000,Trong nước,,Tp Hồ Chí Minh,17-04-2026,xe.chotot.com,https://xe.chotot.com/mua-ban-oto-quan-7-tp-ho-chi-minh/132118612.htm
ISUZU,DMAX,Type Z 1.9L 4x4 AT,2022,Bán tải,Dầu,Tự động,,,,665000000,9649,Nhập khẩu,,Tp Hồ Chí Minh,16-06-2026,xe.chotot.com,https://xe.chotot.com/mua-ban-oto-quan-8-tp-ho-chi-minh/132907042.htm
PEUGEOT,2008,Active 1.2 AT,2022,SUV,Xăng,Tự động,,,,510000000,61000,Nhập khẩu,,Tp Hồ Chí Minh,29-05-2026,xe.chotot.com,https://xe.chotot.com/mua-ban-oto-quan-tan-phu-tp-ho-chi-minh/132674741.htm
VINFAST,VF5 PLUS,,2026,SUV,Điện,Tự động,,5,,440000000,,Trong nước,,Hà Nội,17-05-2026,xe.chotot.com,https://xe.chotot.com/mua-ban-oto-quan-dong-da-ha-noi/124488962.htm?ad_delivery=true&event_source=ad_list
MITSUBISHI,PAJERO SPORT,,2019,,Xăng,Tự động,,7,,595000000,86000,Nhập khẩu,,Tp Hồ Chí Minh,16-06-2026,xe.chotot.com,https://xe.chotot.com/mua-ban-oto-quan-binh-tan-tp-ho-chi-minh/131878829.htm
FORD,EVEREST,Ambiente 2.0L 4x2 AT,2022,SUV,Dầu,Tự động,,7,,950000000,42500,,,Tp Hồ Chí Minh,16-06-2026,xe.chotot.com,https://xe.chotot.com/mua-ban-oto-quan-tan-binh-tp-ho-chi-minh/132901323.htm
FORD,ECOSPORT,Titanium 1.5L AT,2017,,Xăng,Tự động,,,,299000000,50000,,,Tp Hồ Chí Minh,16-06-2026,xe.chotot.com,https://xe.chotot.com/mua-ban-oto-thanh-pho-thu-duc-tp-ho-chi-minh/133018396.htm
VINFAST,LIMO GREEN,,2026,SUV,Điện,Tự động,,7,,620000000,,Trong nước,,Hà Nội,17-05-2026,xe.chotot.com,https://xe.chotot.com/mua-ban-oto-quan-dong-da-ha-noi/125958745.htm?ad_delivery=true&event_source=ad_list
TOYOTA,RUSH,S 1.5 AT,2020,SUV,Xăng,Tự động,,5,,440000000,88000,Nhập khẩu,,Tp Hồ Chí Minh,16-06-2026,xe.chotot.com,https://xe.chotot.com/mua-ban-oto-quan-binh-tan-tp-ho-chi-minh/131874134.htm
TOYOTA,FORTUNER,,2015,,Dầu,Số sàn,,,,450000000,50000,,,Tp Hồ Chí Minh,16-06-2026,xe.chotot.com,https://xe.chotot.com/mua-ban-oto-quan-binh-tan-tp-ho-chi-minh/131883375.htm
CHEVROLET,AVEO,,2012,,Xăng,Số sàn,,,,87000000,54213,,,Đà Nẵng,16-06-2026,xe.chotot.com,https://xe.chotot.com/mua-ban-oto-huyen-hoa-vang-da-nang/131465090.htm
FORD,RANGER,Raptor 2.0L 4x4 AT,2018,Bán tải,Xăng,Tự động,,5,,850000000,67000,Nhập khẩu,,Tp Hồ Chí Minh,16-06-2026,xe.chotot.com,https://xe.chotot.com/mua-ban-oto-quan-tan-phu-tp-ho-chi-minh/132193088.htm
HONDA,CITY,1.5TOP,2020,,Xăng,Tự động,,,,395000000,40000,Trong nước,,Hà Nội,16-06-2026,xe.chotot.com,https://xe.chotot.com/mua-ban-oto-quan-cau-giay-ha-noi/132913551.htm
VINFAST,LUX A2.0,A2.0 Tiêu chuẩn,2022,Sedan,Xăng,Tự động,2,5,RWD,500000000,60000,Trong nước,,Hà Nội,16-02-2026,xe.chotot.com,https://xe.chotot.com/mua-ban-oto-quan-long-bien-ha-noi/127967760.htm
CHEVROLET,CAPTIVA,,2007,,Xăng,Số sàn,,7,,105000000,123,,,Bình Dương,16-06-2026,xe.chotot.com,https://xe.chotot.com/mua-ban-oto-thi-xa-ben-cat-binh-duong/133018262.htm
CHEVROLET,CAPTIVA,,2007,,Xăng,Số sàn,,,,116000000,145245,,,Quảng Nam,16-06-2026,xe.chotot.com,https://xe.chotot.com/mua-ban-oto-huyen-dai-loc-quang-nam/132779189.htm
VOLKSWAGEN,VILORAN,Luxury,2024,Van/Minibus,Xăng,Tự động,,7,,1759000000,52000,Nhập khẩu,,Tp Hồ Chí Minh,05-06-2026,xe.chotot.com,https://xe.chotot.com/mua-ban-oto-quan-7-tp-ho-chi-minh/132800178.htm
KIA,SONET,Premium 1.5 AT,2025,SUV,Xăng,Tự động,,5,,555000000,,Trong nước,,Tp Hồ Chí Minh,16-06-2026,xe.chotot.com,https://xe.chotot.com/mua-ban-oto-thanh-pho-thu-duc-tp-ho-chi-minh/133018240.htm
VINFAST,MPV 7,,2026,,Điện,Tự động,,7,,689000000,,Trong nước,,Bình Dương,11-06-2026,xe.chotot.com,https://xe.chotot.com/mua-ban-oto-thanh-pho-thuan-an-binh-duong/132931721.htm
MAZDA,2,,2023,,Xăng,Tự động,,,,355000000,62000,Nhập khẩu,,Cần Thơ,17-05-2026,xe.chotot.com,https://xe.chotot.com/mua-ban-oto-quan-cai-rang-can-tho/132381184.htm
NISSAN,NAVARA,,2013,Bán tải,Xăng,Tự động,,5,,270000000,12345,,,Bình Dương,16-06-2026,xe.chotot.com,https://xe.chotot.com/mua-ban-oto-thi-xa-ben-cat-binh-duong/133016753.htm
MAZDA,CX 8,Luxury,2020,SUV,Xăng,Tự động,,7,,660000000,60000,Trong nước,,Tp Hồ Chí Minh,10-06-2026,xe.chotot.com,https://xe.chotot.com/mua-ban-oto-quan-tan-phu-tp-ho-chi-minh/132899236.htm
HONDA,CITY,,2013,,Xăng,Tự động,,5,,225000000,19,,,Hà Nội,11-06-2026,xe.chotot.com,https://xe.chotot.com/mua-ban-oto-quan-long-bien-ha-noi/132924345.htm
KIA,SONET,Premium 1.5 AT,2025,SUV,Xăng,Tự động,,5,,555000000,,Trong nước,,Tp Hồ Chí Minh,16-06-2026,xe.chotot.com,https://xe.chotot.com/mua-ban-oto-thanh-pho-thu-duc-tp-ho-chi-minh/133018240.htm
SUZUKI,SWIFT,,2022,Sedan,Xăng,Tự động,,5,,455000000,40000,Nhập khẩu,,Tp Hồ Chí Minh,17-05-2026,xe.chotot.com,https://xe.chotot.com/mua-ban-oto-thanh-pho-thu-duc-tp-ho-chi-minh/132454439.htm?ad_delivery=true&event_source=ad_list
KIA,CARNIVAL,Premium 2.2D 7S,2023,Van/Minibus,Dầu,Tự động,,7,,1010000000,80000,,,Tp Hồ Chí Minh,29-05-2026,xe.chotot.com,https://xe.chotot.com/mua-ban-oto-quan-tan-phu-tp-ho-chi-minh/132674697.htm
LEXUS,NX,200t,2016,SUV,Xăng,Tự động,2,5,AWD,1099000000,128833,Nhập khẩu,,Long An,16-06-2026,xe.chotot.com,https://xe.chotot.com/mua-ban-oto-thanh-pho-tan-an-long-an/132888366.htm
VINFAST,VF3,,2024,,Điện,Tự động,,,,209000000,15000,Trong nước,,Tp Hồ Chí Minh,16-06-2026,xe.chotot.com,https://xe.chotot.com/mua-ban-oto-quan-binh-tan-tp-ho-chi-minh/132760834.htm
VINFAST,LIMO GREEN,,2026,MPV,Điện,Tự động,,7,,654590000,,Trong nước,,Tp Hồ Chí Minh,09-06-2026,xe.chotot.com,https://xe.chotot.com/mua-ban-oto-thanh-pho-thu-duc-tp-ho-chi-minh/130441612.htm?ad_delivery=true&event_source=ad_list
LEXUS,IS,,2009,Mui trần,Xăng,Tự động,,4,,755000000,52000,Nhập khẩu,,Bình Dương,16-06-2026,xe.chotot.com,https://xe.chotot.com/mua-ban-oto-thanh-pho-thuan-an-binh-duong/131855231.htm
FORD,ECOSPORT,Titanium 1.5L AT,2021,SUV,Xăng,Tự động,,2,,455000000,40000,Trong nước,,Tp Hồ Chí Minh,16-06-2026,xe.chotot.com,https://xe.chotot.com/mua-ban-oto-quan-tan-phu-tp-ho-chi-minh/132666712.htm
MAZDA,3,1.5 AT,2016,Sedan,Xăng,Tự động,,5,,295000000,123,Trong nước,,Bình Dương,16-06-2026,xe.chotot.com,https://xe.chotot.com/mua-ban-oto-thanh-pho-thuan-an-binh-duong/132455039.htm
VINFAST,LIMO GREEN,,2026,SUV,Điện,Tự động,,7,,620000000,,Trong nước,,Hà Nội,17-05-2026,xe.chotot.com,https://xe.chotot.com/mua-ban-oto-quan-dong-da-ha-noi/125958745.htm?ad_delivery=true&event_source=ad_list
MITSUBISHI,TRITON,,2022,Bán tải,Dầu,Tự động,,5,,495000000,50000,Trong nước,,Hà Nội,17-05-2026,xe.chotot.com,https://xe.chotot.com/mua-ban-oto-quan-cau-giay-ha-noi/132449248.htm
MITSUBISHI,XFORCE,Ultimate,2024,SUV,Xăng,Tự động,1.499,5,FWD,628000000,6800,,,Tp Hồ Chí Minh,12-06-2026,xe.chotot.com,https://xe.chotot.com/mua-ban-oto-quan-binh-tan-tp-ho-chi-minh/132934179.htm
FORD,RANGER,XLS 2.0 4X2 AT,2024,Bán tải,Dầu,Tự động,1.996,5,RWD,615000000,32000,Trong nước,,Hà Nội,18-03-2026,xe.chotot.com,https://xe.chotot.com/mua-ban-oto-quan-long-bien-ha-noi/131270821.htm
VINFAST,VF5 PLUS,,2026,SUV,Điện,Tự động,,5,,440000000,,Trong nước,,Hà Nội,17-05-2026,xe.chotot.com,https://xe.chotot.com/mua-ban-oto-quan-dong-da-ha-noi/124488962.htm?ad_delivery=true&event_source=ad_list
MAZDA,3,,2019,,Xăng,Tự động,,,,400000000,100000,,,Đồng Nai,16-06-2026,xe.chotot.com,https://xe.chotot.com/mua-ban-oto-thanh-pho-bien-hoa-dong-nai/133018109.htm
HYUNDAI,ACCENT,,2019,,Xăng,Số sàn,,5,,255000000,95000,Trong nước,,Bình Dương,16-06-2026,xe.chotot.com,https://xe.chotot.com/mua-ban-oto-huyen-bau-bang-binh-duong/133018093.htm
SUZUKI,SWIFT,,2022,Hatchback,Xăng,Tự động,,5,,489000000,38000,Trong nước,,Tp Hồ Chí Minh,16-06-2026,xe.chotot.com,https://xe.chotot.com/mua-ban-oto-quan-binh-tan-tp-ho-chi-minh/130276884.htm
BMW,3 SERIES,320i Sport Line,2022,Sedan,Xăng,Tự động,,5,,1179000000,38000,Trong nước,,Tp Hồ Chí Minh,17-04-2026,xe.chotot.com,https://xe.chotot.com/mua-ban-oto-quan-7-tp-ho-chi-minh/131661181.htm
KIA,MORNING,Si 1.25 AT,2018,Hatchback,Xăng,Tự động,1.25,5,FWD,190000000,64000,,,Hà Nội,16-06-2026,xe.chotot.com,https://xe.chotot.com/mua-ban-oto-quan-ha-dong-ha-noi/133018052.htm
KIA,SPORTAGE,1.6 Turbo Signature AWD,2022,SUV,Xăng,Tự động,,,,819000000,23000,Trong nước,,Tp Hồ Chí Minh,16-06-2026,xe.chotot.com,https://xe.chotot.com/mua-ban-oto-quan-binh-tan-tp-ho-chi-minh/130155824.htm
KIA,SELTOS,Luxury 1.4 AT,2023,SUV,Xăng,Tự động,,5,,565000000,56000,Trong nước,,Hà Nội,02-06-2026,xe.chotot.com,https://xe.chotot.com/mua-ban-oto-quan-long-bien-ha-noi/132746453.htm
VINFAST,VF3,,2025,,Điện,Tự động,,,,245000000,2,,,Tp Hồ Chí Minh,17-05-2026,xe.chotot.com,https://xe.chotot.com/mua-ban-oto-quan-binh-tan-tp-ho-chi-minh/132307875.htm
CHEVROLET,CAPTIVA,,2009,,Xăng,Tự động,,7,,120000000,150000,,,Đồng Nai,16-06-2026,xe.chotot.com,https://xe.chotot.com/mua-ban-oto-thanh-pho-bien-hoa-dong-nai/133017992.htm
KIA,SEDONA,,2020,,Dầu,Tự động,,7,,739000000,57000,Trong nước,,Bình Dương,16-06-2026,xe.chotot.com,https://xe.chotot.com/mua-ban-oto-thanh-pho-di-an-binh-duong/133017989.htm
FORD,RANGER,Wildtrak 2.0 4x4,2018,Bán tải,Dầu,Tự động,2,5,AWD,565000000,69000,Nhập khẩu,,Tp Hồ Chí Minh,17-04-2026,xe.chotot.com,https://xe.chotot.com/mua-ban-oto-quan-tan-phu-tp-ho-chi-minh/132085000.htm
KIA,SORENTO,,2015,,Dầu,Tự động,,,,435000000,120000,,,Hà Nội,17-05-2026,xe.chotot.com,https://xe.chotot.com/mua-ban-oto-quan-cau-giay-ha-noi/132448592.htm
HYUNDAI,CUSTIN,,2026,MPV,Xăng,Tự động,,7,,857000000,10,Trong nước,,Tp Hồ Chí Minh,17-05-2026,xe.chotot.com,https://xe.chotot.com/mua-ban-oto-thanh-pho-thu-duc-tp-ho-chi-minh/132397805.htm
MERCEDES BENZ,GLC,300 4MATIC,2020,SUV,Xăng,Tự động,,5,,1359000000,39000,,,Tp Hồ Chí Minh,17-05-2026,xe.chotot.com,https://xe.chotot.com/mua-ban-oto-quan-7-tp-ho-chi-minh/130663984.htm
HYUNDAI,ACCENT,1.5 AT,2025,Sedan,Xăng,Tự động,,5,,430000000,18000,Nhập khẩu,,Hưng Yên,11-06-2026,xe.chotot.com,https://xe.chotot.com/mua-ban-oto-huyen-an-thi-hung-yen/132917198.htm
KIA,CARNIVAL,GS 2.5 AT,2009,MPV,Xăng,Tự động,,5,,150000000,200000,Nhập khẩu,,Bình Dương,17-05-2026,xe.chotot.com,https://xe.chotot.com/mua-ban-oto-thanh-pho-thu-dau-mot-binh-duong/132277861.htm
VINFAST,VF9,,2026,SUV,Điện,Tự động,,7,,1180000000,,Trong nước,,Tp Hồ Chí Minh,07-06-2026,xe.chotot.com,https://xe.chotot.com/mua-ban-oto-thanh-pho-thu-duc-tp-ho-chi-minh/132848802.htm
TOYOTA,AVANZA PREMIO,CVT,2024,,Xăng,Tự động,1.496,7,FWD,515000000,54000,,,An Giang,16-06-2026,xe.chotot.com,https://xe.chotot.com/mua-ban-oto-thanh-pho-long-xuyen-an-giang/133017817.htm
FORD,EVEREST,Titanium 2.0L 4x2 AT,2018,SUV,Dầu,Tự động,,7,,725000000,87000,Nhập khẩu,,Tp Hồ Chí Minh,24-05-2026,xe.chotot.com,https://xe.chotot.com/mua-ban-oto-quan-tan-phu-tp-ho-chi-minh/132582560.htm
FORD,RANGER,,2022,,Dầu,Tự động,,,,500000000,80000,Trong nước,,Hà Nội,17-05-2026,xe.chotot.com,https://xe.chotot.com/mua-ban-oto-quan-cau-giay-ha-noi/132343931.htm
TOYOTA,VIOS,,2015,Sedan,Xăng,Số sàn,,5,,180000000,185000,Trong nước,,Đắk Lắk,16-06-2026,xe.chotot.com,https://xe.chotot.com/mua-ban-oto-huyen-krong-pac-dak-lak/132619816.htm
KIA,MORNING,1.25 AT,2022,Hatchback,Xăng,Tự động,,5,,295000000,46000,Trong nước,,Tp Hồ Chí Minh,07-06-2026,xe.chotot.com,https://xe.chotot.com/mua-ban-oto-quan-binh-tan-tp-ho-chi-minh/132836388.htm
VINFAST,VF3,Thuê pin,2024,SUV,Điện,Tự động,,4,RWD,199000000,17000,Trong nước,,Hà Nội,16-06-2026,xe.chotot.com,https://xe.chotot.com/mua-ban-oto-quan-nam-tu-liem-ha-noi/130887113.htm
MERCEDES BENZ,GLC,200,2020,SUV,Xăng,Tự động,,5,,999000000,62000,Trong nước,,Tp Hồ Chí Minh,16-06-2026,xe.chotot.com,https://xe.chotot.com/mua-ban-oto-quan-7-tp-ho-chi-minh/132953801.htm
TOYOTA,VIOS,1.5E MT,2019,,Xăng,Số sàn,,5,,276000000,116898,,,Đồng Nai,17-05-2026,xe.chotot.com,https://xe.chotot.com/mua-ban-oto-huyen-xuan-loc-dong-nai/132343689.htm
MITSUBISHI,XPANDER,Premium 1.5 AT,2022,SUV,Xăng,Tự động,,7,,495000000,85000,Nhập khẩu,,Bà Rịa - Vũng Tàu,17-05-2026,xe.chotot.com,https://xe.chotot.com/mua-ban-oto-huyen-chau-duc-ba-ria-vung-tau/132201355.htm
VINFAST,VF6,,2025,SUV,Điện,Tự động,,5,,582000000,,Trong nước,,Tp Hồ Chí Minh,18-03-2026,xe.chotot.com,https://xe.chotot.com/mua-ban-oto-quan-7-tp-ho-chi-minh/131173750.htm
TOYOTA,LAND CRUISER,GX 4.5,2005,SUV,Xăng,Số sàn,4.5,8,AWD,310000000,180000,,,Tp Hồ Chí Minh,16-06-2026,xe.chotot.com,https://xe.chotot.com/mua-ban-oto-thanh-pho-thu-duc-tp-ho-chi-minh/125980931.htm
TOYOTA,COROLLA CROSS,1.8V,2022,SUV,Xăng,Tự động,,5,,650000000,78000,Nhập khẩu,,Hà Nội,16-06-2026,xe.chotot.com,https://xe.chotot.com/mua-ban-oto-quan-long-bien-ha-noi/132945781.htm
VINFAST,FADIL,,2022,Coupe,Xăng,Tự động,,5,,280000000,23543,Trong nước,,Tp Hồ Chí Minh,16-06-2026,xe.chotot.com,https://xe.chotot.com/mua-ban-oto-quan-7-tp-ho-chi-minh/133017641.htm
VINFAST,LUX A2.0,Premium 2.0 AT,2019,Sedan,Xăng,Tự động,,,,505000000,60000,Trong nước,,Hà Nội,17-05-2026,xe.chotot.com,https://xe.chotot.com/mua-ban-oto-quan-thanh-xuan-ha-noi/132257250.htm
MG,HS,,2024,SUV,Xăng,Tự động,,,,540000000,35000,,,Thái Bình,16-06-2026,xe.chotot.com,https://xe.chotot.com/mua-ban-oto-huyen-hung-ha-thai-binh/133017604.htm
FORD,RANGER,XLT 2.0L 4x4 AT Limited,2020,Bán tải,Xăng,Tự động,,5,,575000000,67000,Nhập khẩu,,Tp Hồ Chí Minh,17-04-2026,xe.chotot.com,https://xe.chotot.com/mua-ban-oto-quan-tan-phu-tp-ho-chi-minh/132084917.htm
MG,HS,Trophy 1.5 AT 2WD,2021,,Xăng,Tự động,,,,425000000,50000,,,Tp Hồ Chí Minh,22-05-2026,xe.chotot.com,https://xe.chotot.com/mua-ban-oto-thanh-pho-thu-duc-tp-ho-chi-minh/132543119.htm
MAZDA,CX 5,2.5 AT AWD,2017,SUV,Xăng,Tự động,2.5,5,AWD,460000000,108000,Trong nước,,Tp Hồ Chí Minh,13-06-2026,xe.chotot.com,https://xe.chotot.com/mua-ban-oto-quan-binh-tan-tp-ho-chi-minh/132955091.htm
FORD,EVEREST,,2026,SUV,Dầu,Tự động,,7,,1343000000,,Nhập khẩu,,Tp Hồ Chí Minh,16-06-2026,xe.chotot.com,https://xe.chotot.com/mua-ban-oto-thanh-pho-thu-duc-tp-ho-chi-minh/132901689.htm
MERCEDES BENZ,C CLASS,C200,2015,,Xăng,Tự động,2,,RWD,470000000,100000,,,Tp Hồ Chí Minh,16-06-2026,xe.chotot.com,https://xe.chotot.com/mua-ban-oto-quan-7-tp-ho-chi-minh/133017524.htm
MAZDA,3,,2020,,Xăng,Tự động,,5,,480000000,29269,Nhập khẩu,,Tp Hồ Chí Minh,29-05-2026,xe.chotot.com,https://xe.chotot.com/mua-ban-oto-thanh-pho-thu-duc-tp-ho-chi-minh/132674453.htm
FORD,EVEREST,Titanium 3.2L AT 4WD,2016,SUV,Dầu,Tự động,3.2,7,4WD,820000000,130000,Nhập khẩu,,Tp Hồ Chí Minh,16-06-2026,xe.chotot.com,https://xe.chotot.com/mua-ban-oto-thanh-pho-thu-duc-tp-ho-chi-minh/133017507.htm
AUDI,A4,,2014,Sedan,Xăng,Tự động,,5,,489000000,65000,Nhập khẩu,,Tp Hồ Chí Minh,17-04-2026,xe.chotot.com,https://xe.chotot.com/mua-ban-oto-quan-7-tp-ho-chi-minh/127926063.htm
VINFAST,MPV 7,,2026,MPV,Điện,Tự động,,7,,670000000,,Trong nước,,Tp Hồ Chí Minh,17-05-2026,xe.chotot.com,https://xe.chotot.com/mua-ban-oto-quan-binh-tan-tp-ho-chi-minh/132524838.htm
VINFAST,LUX SA2.0,Premium 2.0 AT,2020,SUV,Xăng,Tự động,,7,,625000000,70000,Trong nước,,Hà Nội,12-06-2026,xe.chotot.com,https://xe.chotot.com/mua-ban-oto-quan-thanh-xuan-ha-noi/131744641.htm
MAZDA,CX 5,Luxury 2.0 AT,2025,SUV,Xăng,Tự động,,,,695000000,9000,,,Tp Hồ Chí Minh,17-05-2026,xe.chotot.com,https://xe.chotot.com/mua-ban-oto-quan-5-tp-ho-chi-minh/132259337.htm
HYUNDAI,KONA,2.0 AT Đặc biệt,2020,SUV,Xăng,Tự động,,5,,421000000,100000,Nhập khẩu,,Tp Hồ Chí Minh,14-06-2026,xe.chotot.com,https://xe.chotot.com/mua-ban-oto-quan-phu-nhuan-tp-ho-chi-minh/132982098.htm
ISUZU,MU X,1.9 4X2 AT,2019,SUV,Dầu,Tự động,,7,,545000000,127000,Nhập khẩu,,Tp Hồ Chí Minh,16-06-2026,xe.chotot.com,https://xe.chotot.com/mua-ban-oto-quan-binh-tan-tp-ho-chi-minh/133009591.htm
TOYOTA,INNOVA,G,2006,,Xăng,Số sàn,2,8,RWD,145000000,123456,,,Cần Thơ,16-06-2026,xe.chotot.com,https://xe.chotot.com/mua-ban-oto-quan-cai-rang-can-tho/133017398.htm
FORD,RANGER,XLS 2.2L 4x2 MT,2021,Bán tải,Dầu,Số sàn,,5,,475000000,120000,Nhập khẩu,,Tp Hồ Chí Minh,07-06-2026,xe.chotot.com,https://xe.chotot.com/mua-ban-oto-quan-tan-phu-tp-ho-chi-minh/132851734.htm
TOYOTA,FORTUNER,,2014,,Dầu,Số sàn,,8,,369000000,140000,,,Tp Hồ Chí Minh,16-06-2026,xe.chotot.com,https://xe.chotot.com/mua-ban-oto-huyen-binh-chanh-tp-ho-chi-minh/133017379.htm
HYUNDAI,GRAND I10,1.0 MT,2014,Hatchback,Xăng,Số sàn,1,5,FWD,130000000,159,Ấn Độ,,Đà Nẵng,16-06-2026,xe.chotot.com,https://xe.chotot.com/mua-ban-oto-quan-cam-le-da-nang/133017369.htm
CHEVROLET,SPARK,LT 1.2 MT,2011,Hatchback,Xăng,Số sàn,,,,122000000,87000,Trong nước,,Bình Dương,16-06-2026,xe.chotot.com,https://xe.chotot.com/mua-ban-oto-huyen-bau-bang-binh-duong/133017352.htm
VINFAST,LIMO GREEN,,2026,MPV,Điện,Tự động,,7,,666000000,,Trong nước,,Tp Hồ Chí Minh,10-06-2026,xe.chotot.com,https://xe.chotot.com/mua-ban-oto-quan-7-tp-ho-chi-minh/132891159.htm
FORD,TRANSIT,Trend,2024,Van/Minibus,Dầu,Số sàn,2.296,16,AWD,580000000,121000,Trong nước,,Tp Hồ Chí Minh,19-06-2026,xe.chotot.com,https://xe.chotot.com/mua-ban-oto-quan-binh-tan-tp-ho-chi-minh/133065014.htm
VINFAST,FADIL,1.4 AT,2020,Hatchback,Xăng,Tự động,,5,,270000000,39000,Trong nước,,Tp Hồ Chí Minh,19-06-2026,xe.chotot.com,https://xe.chotot.com/mua-ban-oto-thanh-pho-thu-duc-tp-ho-chi-minh/133063820.htm
TOYOTA,INNOVA,2.0G,2016,MPV,Xăng,Tự động,2,8,RWD,355000000,112000,Trong nước,,Tp Hồ Chí Minh,19-06-2026,xe.chotot.com,https://xe.chotot.com/mua-ban-oto-quan-7-tp-ho-chi-minh/133062046.htm
LEXUS,LM500H,,2024,,Hybrid,Tự động,,,,8450000000,30000,Nhập khẩu,,Tp Hồ Chí Minh,19-06-2026,xe.chotot.com,https://xe.chotot.com/mua-ban-oto-quan-binh-thanh-tp-ho-chi-minh/132991110.htm
VINFAST,LIMO GREEN,,2025,SUV,Điện,Tự động,,7,,689000000,,Trong nước,,Cần Thơ,20-05-2026,xe.chotot.com,https://xe.chotot.com/mua-ban-oto-quan-ninh-kieu-can-tho/123681834.htm?ad_delivery=true&event_source=ad_list
TOYOTA,INNOVA CROSS,,2025,SUV,Xăng,Tự động,,8,,845000000,15941,Nhập khẩu,,Tp Hồ Chí Minh,19-06-2026,xe.chotot.com,https://xe.chotot.com/mua-ban-oto-thanh-pho-thu-duc-tp-ho-chi-minh/133049686.htm
FORD,RANGER,Raptor 2.0L 4x4 AT,2025,Bán tải,Dầu,Tự động,,5,,1145000000,33000,Nhập khẩu,,Tp Hồ Chí Minh,19-06-2026,xe.chotot.com,https://xe.chotot.com/mua-ban-oto-quan-tan-phu-tp-ho-chi-minh/132992238.htm
VINFAST,FADIL,1.4 AT Plus,2021,Hatchback,Xăng,Tự động,,,,298000000,60000,,,Hà Nội,19-06-2026,xe.chotot.com,https://xe.chotot.com/mua-ban-oto-huyen-dong-anh-ha-noi/131776068.htm
VINFAST,VF5,S,2025,SUV,Điện,Tự động,,5,,476000000,,Trong nước,,Tp Hồ Chí Minh,20-05-2026,xe.chotot.com,https://xe.chotot.com/mua-ban-oto-quan-binh-thanh-tp-ho-chi-minh/130789989.htm?ad_delivery=true&event_source=ad_list
SUZUKI,XL 7,,2022,,Xăng,Tự động,,,,425000000,71000,,,Tp Hồ Chí Minh,19-06-2026,xe.chotot.com,https://xe.chotot.com/mua-ban-oto-quan-binh-tan-tp-ho-chi-minh/133067268.htm
TOYOTA,RAIZE,,2022,,Xăng,Tự động,,5,,409000000,99455,,,Tp Hồ Chí Minh,19-06-2026,xe.chotot.com,https://xe.chotot.com/mua-ban-oto-thanh-pho-thu-duc-tp-ho-chi-minh/133042061.htm
TOYOTA,INNOVA CROSS,,2025,MPV,Xăng,Tự động,,8,,845000000,15900,Nhập khẩu,,Tp Hồ Chí Minh,19-06-2026,xe.chotot.com,https://xe.chotot.com/mua-ban-oto-quan-go-vap-tp-ho-chi-minh/133050111.htm
VINFAST,LIMO GREEN,,2026,MPV,Điện,Tự động,,7,,749000000,,Nhập khẩu,,Hà Nội,26-05-2026,xe.chotot.com,https://xe.chotot.com/mua-ban-oto-quan-hoang-mai-ha-noi/132614813.htm?ad_delivery=true&event_source=ad_list
NISSAN,NAVARA,PRO4X,2022,Bán tải,Dầu,Tự động,,,,650000000,41000,,,Tp Hồ Chí Minh,19-06-2026,xe.chotot.com,https://xe.chotot.com/mua-ban-oto-quan-go-vap-tp-ho-chi-minh/133037394.htm
FORD,RANGER,,2025,Bán tải,Dầu,Tự động,,5,,820000000,25000,Trong nước,,Đà Nẵng,19-06-2026,xe.chotot.com,https://xe.chotot.com/mua-ban-oto-quan-hai-chau-da-nang/133003166.htm
TOYOTA,ALPHARD,,2015,MPV,Xăng,Tự động,,4,,1999000000,48000,Nhập khẩu,,Tp Hồ Chí Minh,21-03-2026,xe.chotot.com,https://xe.chotot.com/mua-ban-oto-quan-8-tp-ho-chi-minh/131263125.htm
HYUNDAI,GRAND I10,Grand 1.2 AT,2015,Hatchback,Xăng,Tự động,,,,255000000,110000,Nhập khẩu,,Tp Hồ Chí Minh,20-04-2026,xe.chotot.com,https://xe.chotot.com/mua-ban-oto-quan-binh-thanh-tp-ho-chi-minh/132108164.htm?ad_delivery=true&event_source=ad_list
TOYOTA,ZACE,,2004,SUV,Xăng,Số sàn,,8,,115000000,12000,Trong nước,,Hà Nội,19-06-2026,xe.chotot.com,https://xe.chotot.com/mua-ban-oto-huyen-dong-anh-ha-noi/131875368.htm
BMW,M4,,2026,Coupe,Xăng,Tự động,,4,,5599000000,,Nhập khẩu,,Tp Hồ Chí Minh,19-06-2026,xe.chotot.com,https://xe.chotot.com/mua-ban-oto-quan-phu-nhuan-tp-ho-chi-minh/133067219.htm
LANDROVER,RANGE ROVER,Autobiography SWB 3.0 I6 AWD,2024,SUV,Xăng,Tự động,,5,,10679000000,40000,Nhập khẩu,,Hà Nội,19-06-2026,xe.chotot.com,https://xe.chotot.com/mua-ban-oto-quan-bac-tu-liem-ha-noi/133047578.htm
TOYOTA,VIOS,G 1.5 CVT,2022,Sedan,Xăng,Tự động,,5,,390000000,60000,,,Hải Phòng,20-04-2026,xe.chotot.com,https://xe.chotot.com/mua-ban-oto-quan-le-chan-hai-phong/132094860.htm
MERCEDES BENZ,S CLASS,,1997,,Xăng,Tự động,,,,220000000,100800,,,Tp Hồ Chí Minh,19-06-2026,xe.chotot.com,https://xe.chotot.com/mua-ban-oto-quan-binh-tan-tp-ho-chi-minh/133041295.htm
VINFAST,VF5 PLUS,,2024,SUV,Điện,Tự động,,5,,420000000,27438,Trong nước,,Tp Hồ Chí Minh,19-06-2026,xe.chotot.com,https://xe.chotot.com/mua-ban-oto-quan-binh-tan-tp-ho-chi-minh/133019374.htm
TOYOTA,VIOS,G,2013,,Xăng,Tự động,1.5,5,FWD,256000000,54000,Trong nước,,Tp Hồ Chí Minh,20-05-2026,xe.chotot.com,https://xe.chotot.com/mua-ban-oto-quan-go-vap-tp-ho-chi-minh/132337503.htm
DAEWOO,MATIZ,,2011,,Xăng,Tự động,,,,140000000,88900,Nhập khẩu,,Tp Hồ Chí Minh,30-05-2026,xe.chotot.com,https://xe.chotot.com/mua-ban-oto-quan-7-tp-ho-chi-minh/132690233.htm
TOYOTA,FORTUNER,2.7V 4x2 AT,2017,SUV,Xăng,Tự động,,7,,636000000,68000,Nhập khẩu,,Tp Hồ Chí Minh,19-06-2026,xe.chotot.com,https://xe.chotot.com/mua-ban-oto-quan-binh-thanh-tp-ho-chi-minh/133050815.htm
KIA,CERATO,2.0 AT Premium,2019,,Xăng,Tự động,2,,FWD,415000000,91000,,,Khánh Hòa,19-06-2026,xe.chotot.com,https://xe.chotot.com/mua-ban-oto-thi-xa-ninh-hoa-khanh-hoa/133042129.htm
VINFAST,VF8,,2026,SUV,Điện,Tự động,,5,,760000000,,Nhập khẩu,,Hà Nội,08-06-2026,xe.chotot.com,https://xe.chotot.com/mua-ban-oto-huyen-thuong-tin-ha-noi/132861397.htm
VINFAST,VF6,S,2024,SUV,Điện,Tự động,,5,,456000000,135500,Trong nước,,Tiền Giang,15-06-2026,xe.chotot.com,https://xe.chotot.com/mua-ban-oto-huyen-tan-phuoc-tien-giang/132982082.htm
VINFAST,LIMO GREEN,,2025,MPV,Điện,Tự động,,7,,648000000,,Trong nước,,Tp Hồ Chí Minh,20-04-2026,xe.chotot.com,https://xe.chotot.com/mua-ban-oto-thanh-pho-thu-duc-tp-ho-chi-minh/127718891.htm
TOYOTA,VIOS,E 1.5 MT,2021,Sedan,Xăng,Số sàn,,5,,315000000,105000,,,Cần Thơ,01-06-2026,xe.chotot.com,https://xe.chotot.com/mua-ban-oto-quan-cai-rang-can-tho/132717351.htm
VINFAST,LIMO GREEN,,2026,Kiểu dáng khác,Điện,Tự động,,7,,650000000,,Trong nước,,Tp Hồ Chí Minh,03-06-2026,xe.chotot.com,https://xe.chotot.com/mua-ban-oto-quan-binh-tan-tp-ho-chi-minh/132767034.htm
BMW,3 SERIES,,2024,Sedan,Xăng,Tự động,,4,,1375000000,17000,Nhập khẩu,,Hà Nội,19-06-2026,xe.chotot.com,https://xe.chotot.com/mua-ban-oto-quan-cau-giay-ha-noi/133067094.htm
VINFAST,VF5 PLUS,,2026,SUV,Điện,Tự động,,5,,440000000,,Trong nước,,Hà Nội,20-05-2026,xe.chotot.com,https://xe.chotot.com/mua-ban-oto-quan-dong-da-ha-noi/124488962.htm?ad_delivery=true&event_source=ad_list
VINFAST,VF5 PLUS,,2026,,Điện,Tự động,,,,440000000,,Trong nước,,Tp Hồ Chí Minh,19-06-2026,xe.chotot.com,https://xe.chotot.com/mua-ban-oto-quan-5-tp-ho-chi-minh/133049502.htm
VINFAST,FADIL,,2022,,Xăng,Tự động,,,,299000000,40000,Trong nước,,Hà Nội,19-06-2026,xe.chotot.com,https://xe.chotot.com/mua-ban-oto-quan-bac-tu-liem-ha-noi/131748251.htm
VINFAST,LIMO GREEN,,2026,,Điện,Tự động,,7,,625000000,4000,Trong nước,,Hà Nội,27-05-2026,xe.chotot.com,https://xe.chotot.com/mua-ban-oto-quan-cau-giay-ha-noi/132634122.htm
VINFAST,LIMO GREEN,,2026,MPV,Điện,Tự động,,7,,749000000,,Nhập khẩu,,Hà Nội,26-05-2026,xe.chotot.com,https://xe.chotot.com/mua-ban-oto-quan-hoang-mai-ha-noi/132614813.htm?ad_delivery=true&event_source=ad_list
KIA,CARNIVAL,2.2D Premium 7 chỗ,2022,MPV,Dầu,Tự động,,7,,915000000,64000,Trong nước,,Tp Hồ Chí Minh,19-06-2026,xe.chotot.com,https://xe.chotot.com/mua-ban-oto-quan-binh-tan-tp-ho-chi-minh/133067076.htm
KIA,MORNING,,2011,Hatchback,Xăng,Tự động,,,,189000000,13000,Nhập khẩu,,Hà Nội,20-05-2026,xe.chotot.com,https://xe.chotot.com/mua-ban-oto-quan-long-bien-ha-noi/132272037.htm
VINFAST,MINIO GREEN,,2026,,Điện,Tự động,,4,,269000000,,Trong nước,,Tp Hồ Chí Minh,18-06-2026,xe.chotot.com,https://xe.chotot.com/mua-ban-oto-quan-7-tp-ho-chi-minh/133047987.htm
HYUNDAI,GRAND I10,Grand 1.2 AT,2015,Hatchback,Xăng,Tự động,,,,255000000,110000,Nhập khẩu,,Tp Hồ Chí Minh,20-04-2026,xe.chotot.com,https://xe.chotot.com/mua-ban-oto-quan-binh-thanh-tp-ho-chi-minh/132108164.htm?ad_delivery=true&event_source=ad_list
FORD,TRANSIT,,2019,Van/Minibus,Dầu,Số sàn,,7,,380000000,145000,Trong nước,,Tp Hồ Chí Minh,19-06-2026,xe.chotot.com,https://xe.chotot.com/mua-ban-oto-quan-11-tp-ho-chi-minh/133034507.htm
HYUNDAI,SANTA FE,2.2L AT 4WD,2019,SUV,Dầu,Tự động,2.2,7,AWD,739000000,89000,Trong nước,,Hà Nội,19-06-2026,xe.chotot.com,https://xe.chotot.com/mua-ban-oto-quan-long-bien-ha-noi/131699765.htm
VINFAST,LIMO GREEN,,2026,,Điện,Tự động,,7,,629000000,,Trong nước,,Tp Hồ Chí Minh,09-06-2026,xe.chotot.com,https://xe.chotot.com/mua-ban-oto-thanh-pho-thu-duc-tp-ho-chi-minh/132872972.htm
VINFAST,VF5,S,2025,SUV,Điện,Tự động,,5,,476000000,,Trong nước,,Tp Hồ Chí Minh,20-05-2026,xe.chotot.com,https://xe.chotot.com/mua-ban-oto-quan-binh-thanh-tp-ho-chi-minh/130789989.htm?ad_delivery=true&event_source=ad_list
BMW,3 SERIES,320i Sport Line,2025,Sedan,Xăng,Tự động,,5,,1399000000,,Trong nước,,Tp Hồ Chí Minh,08-06-2026,xe.chotot.com,https://xe.chotot.com/mua-ban-oto-quan-binh-tan-tp-ho-chi-minh/132849719.htm
KIA,MORNING,,2022,,Xăng,Tự động,,,,295000000,46000,Trong nước,,Tp Hồ Chí Minh,19-06-2026,xe.chotot.com,https://xe.chotot.com/mua-ban-oto-quan-binh-tan-tp-ho-chi-minh/132737114.htm
MERCEDES BENZ,GLS CLASS,450 4Matic,2020,SUV,Xăng,Tự động,,7,,3679000000,12000,Nhập khẩu,,Tp Hồ Chí Minh,19-06-2026,xe.chotot.com,https://xe.chotot.com/mua-ban-oto-quan-7-tp-ho-chi-minh/132938043.htm
FORD,TRANSIT,,2019,,Dầu,Số sàn,,10,,385000000,185000,Trong nước,,Tp Hồ Chí Minh,19-06-2026,xe.chotot.com,https://xe.chotot.com/mua-ban-oto-huyen-binh-chanh-tp-ho-chi-minh/132911476.htm
FORD,RANGER,Wildtrak 2.0L 4x4 AT,2024,Bán tải,Dầu,Tự động,,5,,775000000,25000,,,Tp Hồ Chí Minh,15-06-2026,xe.chotot.com,https://xe.chotot.com/mua-ban-oto-quan-12-tp-ho-chi-minh/132988774.htm
VINFAST,VF6,,2026,SUV,Điện,Tự động,,5,,665000000,,Trong nước,,Tp Hồ Chí Minh,19-06-2026,xe.chotot.com,https://xe.chotot.com/mua-ban-oto-huyen-hoc-mon-tp-ho-chi-minh/133050168.htm
FORD,RANGER,Raptor 2.0L 4x4 AT,2023,Bán tải,Dầu,Tự động,,5,,1030000000,60000,Nhập khẩu,,Tp Hồ Chí Minh,19-06-2026,xe.chotot.com,https://xe.chotot.com/mua-ban-oto-quan-tan-phu-tp-ho-chi-minh/132991351.htm
FORD,RANGER,,2017,,Dầu,Tự động,,5,,398000000,60000,Nhập khẩu,,Tp Hồ Chí Minh,19-06-2026,xe.chotot.com,https://xe.chotot.com/mua-ban-oto-quan-go-vap-tp-ho-chi-minh/130566544.htm
MITSUBISHI,XPANDER CROSS,Cross 1.5 AT,2024,,Xăng,Tự động,,,,510000000,75000,,,Tp Hồ Chí Minh,17-06-2026,xe.chotot.com,https://xe.chotot.com/mua-ban-oto-quan-7-tp-ho-chi-minh/133038126.htm
HYUNDAI,SANTA FE,,2020,SUV,Dầu,Tự động,,7,,836000000,86000,,,Tp Hồ Chí Minh,07-06-2026,xe.chotot.com,https://xe.chotot.com/mua-ban-oto-quan-binh-tan-tp-ho-chi-minh/132844647.htm
FORD,ECOSPORT,Titanium 1.5L AT,2016,SUV,Xăng,Tự động,,5,,255000000,118000,Trong nước,,Tp Hồ Chí Minh,19-06-2026,xe.chotot.com,https://xe.chotot.com/mua-ban-oto-quan-7-tp-ho-chi-minh/133066958.htm
PORSCHE,MACAN,2.0 AT,2018,SUV,Xăng,Tự động,2,5,AWD,1868000000,52000,Nhập khẩu,,Tp Hồ Chí Minh,09-06-2026,xe.chotot.com,https://xe.chotot.com/mua-ban-oto-quan-8-tp-ho-chi-minh/132883999.htm
HONDA,CIVIC,1.8 AT,2008,Sedan,Xăng,Tự động,1.8,4,FWD,199000000,99000,Trong nước,,Bình Dương,21-03-2026,xe.chotot.com,https://xe.chotot.com/mua-ban-oto-thanh-pho-di-an-binh-duong/131125945.htm
HYUNDAI,CRETA,1.5 Cao cấp,2022,SUV,Xăng,Tự động,,5,,485000000,6000,Nhập khẩu,,Đắk Lắk,19-06-2026,xe.chotot.com,https://xe.chotot.com/mua-ban-oto-huyen-krong-nang-dak-lak/132971335.htm
TOYOTA,INNOVA,E 2.0 MT,2023,SUV,Xăng,Số sàn,,8,,555000000,63000,Trong nước,,Tp Hồ Chí Minh,19-06-2026,xe.chotot.com,https://xe.chotot.com/mua-ban-oto-quan-binh-tan-tp-ho-chi-minh/133066930.htm
TOYOTA,WIGO,1.2 AT,2018,Hatchback,Xăng,Tự động,1.2,5,FWD,245000000,63000,Nhập khẩu,,Tp Hồ Chí Minh,20-05-2026,xe.chotot.com,https://xe.chotot.com/mua-ban-oto-quan-binh-tan-tp-ho-chi-minh/132498275.htm
BMW,3 SERIES,320i,2013,Sedan,Xăng,Tự động,2,4,RWD,365000000,130000,,,Hà Nội,19-06-2026,xe.chotot.com,https://xe.chotot.com/mua-ban-oto-quan-cau-giay-ha-noi/133066916.htm
HONDA,HR-V,RS,2025,SUV,Xăng,Tự động,,,,840000000,4100,Nhập khẩu,,Tp Hồ Chí Minh,19-06-2026,xe.chotot.com,https://xe.chotot.com/mua-ban-oto-quan-11-tp-ho-chi-minh/133066914.htm
VINFAST,VF3,,2026,,Điện,Tự động,,4,,240000000,,Trong nước,,An Giang,19-06-2026,xe.chotot.com,https://xe.chotot.com/mua-ban-oto-thanh-pho-long-xuyen-an-giang/133048011.htm
TOYOTA,INNOVA CROSS,,2025,MPV,Xăng,Tự động,,8,,845000000,15941,Nhập khẩu,,Tp Hồ Chí Minh,19-06-2026,xe.chotot.com,https://xe.chotot.com/mua-ban-oto-quan-go-vap-tp-ho-chi-minh/133051993.htm
HONDA,CIVIC,,2019,,Xăng,Tự động,,,,430000000,110000,Nhập khẩu,,Bà Rịa - Vũng Tàu,19-06-2026,xe.chotot.com,https://xe.chotot.com/mua-ban-oto-thanh-pho-ba-ria-ba-ria-vung-tau/133054806.htm
MITSUBISHI,PAJERO SPORT,D 4x2 AT,2014,SUV,Dầu,Tự động,2.5,7,2WD,415000000,130000,,,Tp Hồ Chí Minh,19-06-2026,xe.chotot.com,https://xe.chotot.com/mua-ban-oto-quan-tan-phu-tp-ho-chi-minh/133050733.htm
MG,MG5,Luxury 1.5 AT,2023,,Xăng,Tự động,,,,380000000,84000,,,Tp Hồ Chí Minh,19-06-2026,xe.chotot.com,https://xe.chotot.com/mua-ban-oto-huyen-binh-chanh-tp-ho-chi-minh/132978471.htm
FORD,EVEREST,,2023,,Dầu,Tự động,,,,1090000000,33000,,,Tp Hồ Chí Minh,19-06-2026,xe.chotot.com,https://xe.chotot.com/mua-ban-oto-quan-tan-binh-tp-ho-chi-minh/133055826.htm
HONDA,CIVIC,2.0 AT,2008,Sedan,Xăng,Tự động,2,5,FWD,190000000,17000,Nhập khẩu,,Sơn La,19-06-2026,xe.chotot.com,https://xe.chotot.com/mua-ban-oto-huyen-moc-chau-son-la/133046302.htm
TOYOTA,INNOVA,2.0E,2018,MPV,Xăng,Số sàn,2,8,RWD,408000000,75000,Trong nước,,Tp Hồ Chí Minh,13-06-2026,xe.chotot.com,https://xe.chotot.com/mua-ban-oto-quan-binh-thanh-tp-ho-chi-minh/132950859.htm
MERCEDES BENZ,R CLASS,,2006,Sedan,Xăng,Tự động,,7,,162000000,18680,,,Tp Hồ Chí Minh,20-05-2026,xe.chotot.com,https://xe.chotot.com/mua-ban-oto-quan-7-tp-ho-chi-minh/132519002.htm
HYUNDAI,SANTA FE,2.4L 4WD,2015,SUV,Xăng,Tự động,,7,,400000000,170000,Nhập khẩu,,Cần Thơ,19-06-2026,xe.chotot.com,https://xe.chotot.com/mua-ban-oto-quan-ninh-kieu-can-tho/133066835.htm
HYUNDAI,SANTA FE,2.4L 4WD,2015,SUV,Xăng,Tự động,,7,,400000000,170000,Nhập khẩu,,Cần Thơ,19-06-2026,xe.chotot.com,https://xe.chotot.com/mua-ban-oto-quan-ninh-kieu-can-tho/133066835.htm
FORD,RANGER,,2023,Bán tải,Dầu,Số sàn,,5,,595000000,35768,,,Đắk Lắk,19-06-2026,xe.chotot.com,https://xe.chotot.com/mua-ban-oto-thanh-pho-buon-ma-thuot-dak-lak/133052714.htm
MAZDA,CX 3,Deluxe 1.5 AT,2025,SUV,Xăng,Tự động,,,,515000000,3800,Nhập khẩu,,Bình Dương,19-06-2026,xe.chotot.com,https://xe.chotot.com/mua-ban-oto-thanh-pho-di-an-binh-duong/133066814.htm
VINFAST,DÒNG KHÁC,,2025,SUV,Điện,Tự động,,7,,659000000,8000,Trong nước,,Hà Nội,20-05-2026,xe.chotot.com,https://xe.chotot.com/mua-ban-oto-quan-cau-giay-ha-noi/132398573.htm
KIA,MORNING,Van 1.0 AT,2016,Hatchback,Xăng,Tự động,1,2,FWD,176000000,90000,Trong nước,,Hà Nội,20-05-2026,xe.chotot.com,https://xe.chotot.com/mua-ban-oto-quan-long-bien-ha-noi/132471780.htm
VINFAST,VF6,,2026,SUV,Điện,Tự động,,5,,689000000,,Trong nước,,Tp Hồ Chí Minh,18-06-2026,xe.chotot.com,https://xe.chotot.com/mua-ban-oto-quan-7-tp-ho-chi-minh/133048753.htm
LEXUS,RX,350 Luxury,2023,SUV,Xăng,Tự động,,5,,3550000000,35000,Nhập khẩu,,Hà Nội,19-06-2026,xe.chotot.com,https://xe.chotot.com/mua-ban-oto-huyen-thanh-tri-ha-noi/131514345.htm
TOYOTA,CAMRY,2.5Q,2017,Sedan,Xăng,Tự động,2.5,5,FWD,675000000,86000,Nhập khẩu,,Tp Hồ Chí Minh,19-06-2026,xe.chotot.com,https://xe.chotot.com/mua-ban-oto-quan-binh-tan-tp-ho-chi-minh/131856707.htm
VINFAST,VF6,,2026,SUV,Điện,Tự động,,5,,92000000,,Trong nước,,Tp Hồ Chí Minh,12-06-2026,xe.chotot.com,https://xe.chotot.com/mua-ban-oto-quan-binh-tan-tp-ho-chi-minh/132939384.htm
VINFAST,VF3,,2026,,Điện,Tự động,,4,,263000000,,Trong nước,,Tp Hồ Chí Minh,09-06-2026,xe.chotot.com,https://xe.chotot.com/mua-ban-oto-thanh-pho-thu-duc-tp-ho-chi-minh/132874105.htm
MITSUBISHI,XPANDER,1.5 AT,2019,MPV,Xăng,Tự động,1.5,7,2WD,365000000,84000,Nhập khẩu,,Tp Hồ Chí Minh,19-06-2026,xe.chotot.com,https://xe.chotot.com/mua-ban-oto-huyen-binh-chanh-tp-ho-chi-minh/133066766.htm
BMW,5 SERIES,520i,2012,,Xăng,Tự động,2,,RWD,369000000,150000,,,Tp Hồ Chí Minh,19-06-2026,xe.chotot.com,https://xe.chotot.com/mua-ban-oto-quan-1-tp-ho-chi-minh/133066762.htm
VINFAST,VF5,,2026,Hatchback,Điện,Tự động,,5,,434000000,,Trong nước,,Tp Hồ Chí Minh,20-05-2026,xe.chotot.com,https://xe.chotot.com/mua-ban-oto-quan-binh-tan-tp-ho-chi-minh/132481253.htm
TOYOTA,FORTUNER,2.4G 4x2 MT,2019,SUV,Dầu,Số sàn,2.3,7,AWD,675000000,128000,,,Tp Hồ Chí Minh,19-06-2026,xe.chotot.com,https://xe.chotot.com/mua-ban-oto-quan-binh-tan-tp-ho-chi-minh/132736539.htm
MERCEDES BENZ,E CLASS,E250,2018,Sedan,Xăng,Tự động,1.8,5,RWD,899000000,50000,Trong nước,,Tp Hồ Chí Minh,19-06-2026,xe.chotot.com,https://xe.chotot.com/mua-ban-oto-quan-7-tp-ho-chi-minh/132945299.htm
CHEVROLET,ORLANDO,LTZ 1.8,2017,,Xăng,Tự động,1.8,,FWD,280000000,138000,,,Tp Hồ Chí Minh,19-06-2026,xe.chotot.com,https://xe.chotot.com/mua-ban-oto-quan-binh-tan-tp-ho-chi-minh/133040820.htm
VINFAST,MPV 7,,2026,MPV,Điện,Tự động,,7,,704000000,,Trong nước,,Tp Hồ Chí Minh,19-06-2026,xe.chotot.com,https://xe.chotot.com/mua-ban-oto-huyen-hoc-mon-tp-ho-chi-minh/131747803.htm
HONDA,CIVIC,1.8 E,2018,Sedan,Xăng,Tự động,1.8,5,FWD,440000000,52000,,,Tp Hồ Chí Minh,19-06-2026,xe.chotot.com,https://xe.chotot.com/mua-ban-oto-thanh-pho-thu-duc-tp-ho-chi-minh/132654966.htm
FORD,RANGER,Raptor 2.0L 4x4 AT,2020,Bán tải,Dầu,Tự động,,5,,935000000,33000,Trong nước,,Tp Hồ Chí Minh,20-05-2026,xe.chotot.com,https://xe.chotot.com/mua-ban-oto-quan-tan-phu-tp-ho-chi-minh/132193173.htm
TOYOTA,VELOZ CROSS,,2022,,Xăng,Tự động,,,,460000000,100000,Trong nước,,Đồng Tháp,20-04-2026,xe.chotot.com,https://xe.chotot.com/mua-ban-oto-huyen-hong-ngu-dong-thap/132055535.htm
MERCEDES BENZ,GLC,200 4Matic,2022,SUV,Xăng,Tự động,,5,,1399000000,45000,Trong nước,,Tp Hồ Chí Minh,19-06-2026,xe.chotot.com,https://xe.chotot.com/mua-ban-oto-quan-7-tp-ho-chi-minh/133068432.htm
VINFAST,LIMO GREEN,,2026,,Điện,Tự động,,7,,629000000,,Trong nước,,Bình Dương,25-05-2026,xe.chotot.com,https://xe.chotot.com/mua-ban-oto-thanh-pho-thuan-an-binh-duong/132594119.htm
HONDA,ACCORD,VTEC Turbo,2021,Sedan,Xăng,Tự động,,,,845000000,30000,Nhập khẩu,,Tp Hồ Chí Minh,15-06-2026,xe.chotot.com,https://xe.chotot.com/mua-ban-oto-quan-10-tp-ho-chi-minh/132991043.htm
VINFAST,LUX A2.0,A2.0 Tiêu chuẩn,2022,Sedan,Xăng,Tự động,2,5,RWD,499000000,40000,Trong nước,,Hà Nội,27-05-2026,xe.chotot.com,https://xe.chotot.com/mua-ban-oto-quan-bac-tu-liem-ha-noi/132638596.htm
VINFAST,VF9,,2025,SUV,Điện,Tự động,,6,,1229000000,,Trong nước,,Tp Hồ Chí Minh,20-04-2026,xe.chotot.com,https://xe.chotot.com/mua-ban-oto-quan-phu-nhuan-tp-ho-chi-minh/122559063.htm?ad_delivery=true&event_source=ad_list
VINFAST,VF3,,2026,Hatchback,Điện,Tự động,,5,,251000000,,Trong nước,,Tp Hồ Chí Minh,19-06-2026,xe.chotot.com,https://xe.chotot.com/mua-ban-oto-quan-binh-tan-tp-ho-chi-minh/126755071.htm
HYUNDAI,SANTA FE,2.2 Dầu cao cấp,2021,SUV,Dầu,Tự động,,7,,748000000,74000,,,Tp Hồ Chí Minh,26-05-2026,xe.chotot.com,https://xe.chotot.com/mua-ban-oto-quan-7-tp-ho-chi-minh/131084095.htm
TOYOTA,CAMRY,,1998,,Xăng,Số sàn,,,,80000000,258000,,,Tp Hồ Chí Minh,17-06-2026,xe.chotot.com,https://xe.chotot.com/mua-ban-oto-quan-12-tp-ho-chi-minh/133022946.htm
VINFAST,VF3,,2026,,Điện,Tự động,,4,,277000000,,Trong nước,,Tp Hồ Chí Minh,21-03-2026,xe.chotot.com,https://xe.chotot.com/mua-ban-oto-quan-go-vap-tp-ho-chi-minh/131317447.htm?ad_delivery=true&event_source=ad_list
VINFAST,VF5 PLUS,,2026,SUV,Điện,Tự động,,5,,51868000,8,Trong nước,,Tp Hồ Chí Minh,19-06-2026,xe.chotot.com,https://xe.chotot.com/mua-ban-oto-quan-tan-binh-tp-ho-chi-minh/132777217.htm
MAZDA,CX 8,,2026,SUV,Xăng,Tự động,,7,,955000000,5000,Nhập khẩu,,Hà Nội,02-06-2026,xe.chotot.com,https://xe.chotot.com/mua-ban-oto-quan-cau-giay-ha-noi/132742971.htm
MAZDA,6,Premium 2.0 AT,2023,Sedan,Xăng,Tự động,,,,715000000,26000,Trong nước,,Tp Hồ Chí Minh,19-06-2026,xe.chotot.com,https://xe.chotot.com/mua-ban-oto-thanh-pho-thu-duc-tp-ho-chi-minh/133016932.htm
VINFAST,LIMO GREEN,,2026,MPV,Điện,Tự động,,7,,749000000,,Nhập khẩu,,Hà Nội,26-05-2026,xe.chotot.com,https://xe.chotot.com/mua-ban-oto-quan-hoang-mai-ha-noi/132614813.htm?ad_delivery=true&event_source=ad_list
VINFAST,LIMO GREEN,,2026,,Điện,Tự động,,7,,689000000,,Trong nước,,Tp Hồ Chí Minh,03-06-2026,xe.chotot.com,https://xe.chotot.com/mua-ban-oto-quan-4-tp-ho-chi-minh/131417592.htm
HYUNDAI,TUCSON,2.0 ATH,2020,SUV,Xăng,Tự động,,,,605000000,60000,,,Hà Nội,19-06-2026,xe.chotot.com,https://xe.chotot.com/mua-ban-oto-quan-long-bien-ha-noi/133075416.htm
MERCEDES BENZ,C CLASS,,2022,Sedan,Xăng,Tự động,,5,,1399000000,34000,Nhập khẩu,,Tp Hồ Chí Minh,05-06-2026,xe.chotot.com,https://xe.chotot.com/mua-ban-oto-quan-7-tp-ho-chi-minh/131180210.htm
VINFAST,VF5 PLUS,,2026,SUV,Điện,Tự động,,5,,440000000,,Trong nước,,Hà Nội,20-05-2026,xe.chotot.com,https://xe.chotot.com/mua-ban-oto-quan-dong-da-ha-noi/124488962.htm?ad_delivery=true&event_source=ad_list
HYUNDAI,GRAND I10,,2020,Hatchback,Xăng,Tự động,,5,,338000000,83000,Trong nước,,Hà Nội,20-05-2026,xe.chotot.com,https://xe.chotot.com/mua-ban-oto-huyen-soc-son-ha-noi/131194284.htm
MITSUBISHI,XPANDER,1.5 AT,2019,MPV,Xăng,Tự động,1.5,5,2WD,399000000,74500,,,Đồng Nai,20-05-2026,xe.chotot.com,https://xe.chotot.com/mua-ban-oto-thanh-pho-bien-hoa-dong-nai/132363174.htm
VINFAST,LIMO GREEN,,2026,Kiểu dáng khác,Điện,Tự động,,7,,650000000,,Trong nước,,Tp Hồ Chí Minh,03-06-2026,xe.chotot.com,https://xe.chotot.com/mua-ban-oto-quan-binh-tan-tp-ho-chi-minh/132767034.htm
VINFAST,VF7,Plus,2025,,Điện,Tự động,,,,718000000,12000,Trong nước,,Tp Hồ Chí Minh,18-06-2026,xe.chotot.com,https://xe.chotot.com/mua-ban-oto-quan-binh-tan-tp-ho-chi-minh/133055027.htm
AUDI,Q2,1.4 TFSI,2017,SUV,Xăng,Tự động,1.4,5,AWD,710000000,70000,,,Tp Hồ Chí Minh,19-06-2026,xe.chotot.com,https://xe.chotot.com/mua-ban-oto-thanh-pho-thu-duc-tp-ho-chi-minh/132527926.htm
MITSUBISHI,XPANDER,,2024,SUV,Xăng,Tự động,,7,,540000000,36839,Trong nước,,Hà Nội,19-06-2026,xe.chotot.com,https://xe.chotot.com/mua-ban-oto-quan-hoang-mai-ha-noi/132958486.htm
VINFAST,VF3,,2025,SUV,Điện,Tự động,,4,,270000000,,Trong nước,,Tp Hồ Chí Minh,27-05-2026,xe.chotot.com,https://xe.chotot.com/mua-ban-oto-quan-binh-tan-tp-ho-chi-minh/116140612.htm
VINFAST,LUX SA2.0,,2022,SUV,Xăng,Tự động,,7,,790000000,54000,Trong nước,,Bình Dương,11-06-2026,xe.chotot.com,https://xe.chotot.com/mua-ban-oto-thi-xa-ben-cat-binh-duong/132905533.htm
VINFAST,VF3,,2025,,Điện,Tự động,,4,,244000000,,Trong nước,,Tp Hồ Chí Minh,26-05-2026,xe.chotot.com,https://xe.chotot.com/mua-ban-oto-quan-7-tp-ho-chi-minh/131102712.htm
MITSUBISHI,XPANDER,Premium 1.5 AT,2023,SUV,Xăng,Tự động,,7,,510000000,160000,Nhập khẩu,,Bà Rịa - Vũng Tàu,20-06-2026,xe.chotot.com,https://xe.chotot.com/mua-ban-oto-huyen-chau-duc-ba-ria-vung-tau/133007696.htm
BMW,X3,sDrive20i M Sport,2024,SUV,Xăng,Tự động,,5,,1750000000,12000,,,Tp Hồ Chí Minh,05-06-2026,xe.chotot.com,https://xe.chotot.com/mua-ban-oto-quan-10-tp-ho-chi-minh/132788617.htm
MITSUBISHI,XPANDER,,2022,,Xăng,Tự động,,,,415000000,85000,,,Quảng Nam,21-06-2026,xe.chotot.com,https://xe.chotot.com/mua-ban-oto-thanh-pho-hoi-an-quang-nam/133079243.htm
HYUNDAI,SANTA FE,2.2L Dầu,2020,SUV,Dầu,Tự động,,5,,715000000,100000,Trong nước,,Tp Hồ Chí Minh,22-05-2026,xe.chotot.com,https://xe.chotot.com/mua-ban-oto-quan-7-tp-ho-chi-minh/132246298.htm
VINFAST,LIMO GREEN,,2026,SUV,Điện,Tự động,,7,,605000000,,Trong nước,,Tp Hồ Chí Minh,22-04-2026,xe.chotot.com,https://xe.chotot.com/mua-ban-oto-quan-binh-tan-tp-ho-chi-minh/123811127.htm
FORD,RANGER,XLS 2.2L 4x2 AT,2019,Bán tải,Dầu,Tự động,2.2,5,2WD,426000000,80000,Nhập khẩu,,Bình Dương,21-06-2026,xe.chotot.com,https://xe.chotot.com/mua-ban-oto-thanh-pho-thuan-an-binh-duong/133096638.htm
VINFAST,VF3,,2026,,Điện,Tự động,,4,,277000000,,Trong nước,,Tp Hồ Chí Minh,23-03-2026,xe.chotot.com,https://xe.chotot.com/mua-ban-oto-quan-go-vap-tp-ho-chi-minh/131317447.htm?ad_delivery=true&event_source=ad_list
VINFAST,VF7,Plus,2025,,Điện,Tự động,,,,718000000,12000,Trong nước,,Tp Hồ Chí Minh,19-06-2026,xe.chotot.com,https://xe.chotot.com/mua-ban-oto-quan-binh-tan-tp-ho-chi-minh/133055027.htm
FORD,RANGER,Wildtrak 3.2L 4x4 AT,2016,Bán tải,Dầu,Tự động,,,,480000000,85000,,,Tp Hồ Chí Minh,21-06-2026,xe.chotot.com,https://xe.chotot.com/mua-ban-oto-quan-12-tp-ho-chi-minh/133096555.htm
VOLKSWAGEN,VILORAN,Luxury,2025,MPV,Xăng,Tự động,,7,,2288000000,,Nhập khẩu,,Tp Hồ Chí Minh,21-06-2026,xe.chotot.com,https://xe.chotot.com/mua-ban-oto-thanh-pho-thu-duc-tp-ho-chi-minh/132767665.htm
VINFAST,VF5 PLUS,,2026,SUV,Điện,Tự động,,5,,440000000,,Trong nước,,Hà Nội,22-05-2026,xe.chotot.com,https://xe.chotot.com/mua-ban-oto-quan-dong-da-ha-noi/124488962.htm?ad_delivery=true&event_source=ad_list
FORD,EVEREST,4x2 2.0 Titanium,2021,SUV,Dầu,Tự động,,7,,780000000,57706,Nhập khẩu,,Đà Nẵng,21-06-2026,xe.chotot.com,https://xe.chotot.com/mua-ban-oto-quan-cam-le-da-nang/132571550.htm
TOYOTA,FORTUNER,2.5G,2011,SUV,Dầu,Số sàn,2.5,7,RWD,280000000,250000,Trong nước,,Kon Tum,22-05-2026,xe.chotot.com,https://xe.chotot.com/mua-ban-oto-thanh-pho-kon-tum-kon-tum/132282403.htm
FORD,RANGER,XLS 2.2L 4x2 AT,2022,Bán tải,Xăng,Tự động,,,,545000000,57000,,,Tp Hồ Chí Minh,21-06-2026,xe.chotot.com,https://xe.chotot.com/mua-ban-oto-quan-tan-phu-tp-ho-chi-minh/133096209.htm
VINFAST,LIMO GREEN,,2026,MPV,Điện,Tự động,,7,,654590000,,Trong nước,,Tp Hồ Chí Minh,09-06-2026,xe.chotot.com,https://xe.chotot.com/mua-ban-oto-thanh-pho-thu-duc-tp-ho-chi-minh/130441612.htm?ad_delivery=true&event_source=ad_list
VINFAST,VF7,,2026,SUV,Điện,Tự động,,5,,686430000,,Trong nước,,Tp Hồ Chí Minh,22-05-2026,xe.chotot.com,https://xe.chotot.com/mua-ban-oto-thanh-pho-thu-duc-tp-ho-chi-minh/132379353.htm
FORD,TOURNEO,Titanium 2.0 AT,2019,,Xăng,Tự động,,,,67500000,77000,,,Tp Hồ Chí Minh,21-06-2026,xe.chotot.com,https://xe.chotot.com/mua-ban-oto-quan-tan-phu-tp-ho-chi-minh/133096199.htm
VINFAST,VF9,,2026,SUV,Điện,Tự động,,7,,1410170000,,Trong nước,,Tp Hồ Chí Minh,28-05-2026,xe.chotot.com,https://xe.chotot.com/mua-ban-oto-thanh-pho-thu-duc-tp-ho-chi-minh/132649035.htm
VINFAST,VF9,,2025,SUV,Điện,Tự động,,6,,1229000000,,Trong nước,,Tp Hồ Chí Minh,22-04-2026,xe.chotot.com,https://xe.chotot.com/mua-ban-oto-quan-phu-nhuan-tp-ho-chi-minh/122559063.htm?ad_delivery=true&event_source=ad_list
MAZDA,BT 50,,2014,Bán tải,Dầu,Tự động,,,,286000000,12,Nhập khẩu,,Hà Nội,21-06-2026,xe.chotot.com,https://xe.chotot.com/mua-ban-oto-quan-long-bien-ha-noi/133096113.htm
AUDI,TT,2.0T TFSI,2015,Coupe,Xăng,Tự động,2,4,AWD,999000000,32000,Nhập khẩu,,Tp Hồ Chí Minh,21-06-2026,xe.chotot.com,https://xe.chotot.com/mua-ban-oto-quan-7-tp-ho-chi-minh/131426294.htm
TOYOTA,CAMRY,2.4G,2007,Sedan,Xăng,Tự động,2.4,5,FWD,210000000,150000,Trong nước,,Hà Nội,21-06-2026,xe.chotot.com,https://xe.chotot.com/mua-ban-oto-huyen-dong-anh-ha-noi/133096053.htm
MERCEDES BENZ,MB,,2003,Kiểu dáng khác,Dầu,Số sàn,,,,58000000,12999,,,Tây Ninh,21-06-2026,xe.chotot.com,https://xe.chotot.com/mua-ban-oto-huyen-go-dau-tay-ninh/133096034.htm
FORD,EVEREST,Titanium+ 2.0 AT 4x4,2023,SUV,Dầu,Tự động,,7,,1269000000,44000,Nhập khẩu,,Tp Hồ Chí Minh,22-05-2026,xe.chotot.com,https://xe.chotot.com/mua-ban-oto-quan-12-tp-ho-chi-minh/132418904.htm
MAZDA,BT 50,2.2 AT 2WD,2018,Bán tải,Dầu,Tự động,2.2,5,2WD,360000000,11,Nhập khẩu,,Hà Nội,21-06-2026,xe.chotot.com,https://xe.chotot.com/mua-ban-oto-huyen-dong-anh-ha-noi/133096028.htm
HYUNDAI,CUSTIN,Đặc Biệt 1.5T,2025,Van/Minibus,Xăng,Tự động,,7,,799000000,19000,Trong nước,,Tp Hồ Chí Minh,14-06-2026,xe.chotot.com,https://xe.chotot.com/mua-ban-oto-quan-tan-binh-tp-ho-chi-minh/132972186.htm
HYUNDAI,I20,,2013,Hatchback,Xăng,Tự động,,5,,225000000,8,Ấn Độ,,Hà Nội,21-06-2026,xe.chotot.com,https://xe.chotot.com/mua-ban-oto-huyen-dong-anh-ha-noi/133095972.htm
MERCEDES BENZ,E CLASS,E250,2018,Sedan,Xăng,Tự động,1.8,5,RWD,899000000,50000,Trong nước,,Tp Hồ Chí Minh,13-06-2026,xe.chotot.com,https://xe.chotot.com/mua-ban-oto-quan-7-tp-ho-chi-minh/132945299.htm
VINFAST,LIMO GREEN,,2025,MPV,Điện,Tự động,,7,,650000000,13000,Trong nước,,Tp Hồ Chí Minh,21-06-2026,xe.chotot.com,https://xe.chotot.com/mua-ban-oto-thanh-pho-thu-duc-tp-ho-chi-minh/133095958.htm
